{
    "a_mAP": 0.8305105738049084,
    "a_mAP_per_class": [
        0.8579684319220328,
        0.8030527156877841
    ],
    "a_mAP_visible": 0.8305105738049084,
    "a_mAP_per_class_visible": [
        0.8579684319220328,
        0.8030527156877841
    ],
    "a_mAP_unshown": 0.0,
    "a_mAP_per_class_unshown": [
        0.0,
        0.0
    ]
}