{
    "a_mAP": 0.7551165163416329,
    "a_mAP_per_class": [
        0.7992561864124863,
        0.7109768462707795
    ],
    "a_mAP_visible": 0.7551165163416329,
    "a_mAP_per_class_visible": [
        0.7992561864124863,
        0.7109768462707795
    ],
    "a_mAP_unshown": 0.0,
    "a_mAP_per_class_unshown": [
        0.0,
        0.0
    ]
}