{
    "a_mAP": 0.80965314280303,
    "a_mAP_per_class": [
        0.8442735852225547,
        0.7750327003835055
    ],
    "a_mAP_visible": 0.80965314280303,
    "a_mAP_per_class_visible": [
        0.8442735852225547,
        0.7750327003835055
    ],
    "a_mAP_unshown": 0.0,
    "a_mAP_per_class_unshown": [
        0.0,
        0.0
    ]
}