{
    "a_mAP": 0.8012536638588482,
    "a_mAP_per_class": [
        0.8418204413019388,
        0.7606868864157577
    ],
    "a_mAP_visible": 0.8012536638588482,
    "a_mAP_per_class_visible": [
        0.8418204413019388,
        0.7606868864157577
    ],
    "a_mAP_unshown": 0.0,
    "a_mAP_per_class_unshown": [
        0.0,
        0.0
    ]
}