{
    "a_mAP": 0.7675555084754264,
    "a_mAP_per_class": [
        0.8200911443525022,
        0.7150198725983505
    ],
    "a_mAP_visible": 0.7675555084754264,
    "a_mAP_per_class_visible": [
        0.8200911443525022,
        0.7150198725983505
    ],
    "a_mAP_unshown": 0.0,
    "a_mAP_per_class_unshown": [
        0.0,
        0.0
    ]
}