{
    "a_mAP": 0.7187991620839067,
    "a_mAP_per_class": [
        0.7950803178032406,
        0.6425180063645727
    ],
    "a_mAP_visible": 0.7187991620839067,
    "a_mAP_per_class_visible": [
        0.7950803178032406,
        0.6425180063645727
    ],
    "a_mAP_unshown": 0.0,
    "a_mAP_per_class_unshown": [
        0.0,
        0.0
    ]
}