{
    "a_mAP": 0.8512312277607531,
    "a_mAP_per_class": [
        0.8731010960225318,
        0.8293613594989744
    ],
    "a_mAP_visible": 0.8512312277607531,
    "a_mAP_per_class_visible": [
        0.8731010960225318,
        0.8293613594989744
    ],
    "a_mAP_unshown": 0.0,
    "a_mAP_per_class_unshown": [
        0.0,
        0.0
    ]
}